Administration,Organisation
Heavy Lift Vessel,Dry Cargo Vessel
Dry Cargo Vessel,Cargo ship
Cargo ship,Merchant Ship
Merchant Ship,Ship
Cargo Handling Activity,Maritime Activity
direction of thrust of the propellers,Navigational Term
heavy scrap,scrap
scrap,cargo
at anchor,Navigational Term
vacuum valve,valve
valve,Ship Equipment
biocide,substance
Warm Clothing,Protective Clothing
Protective Clothing,crew equipment
crew equipment,Ship Equipment
international water,Water Area
Ballasting,Ship Maintenance
Ship Maintenance,Maritime Activity
ship intended to operate in low air temperature,special purpose ship
special purpose ship,Ship
Ship Routeing System,IT System
maintenance agreement,Document
International Energy Efficiency Certificate IAPP,MARPOL statutory certificate
MARPOL statutory certificate,statutory certificates
statutory certificates,Certificate
Certificate,Document
Cyclone,Storm
Storm,Wind
Storm,Unfavourable Condition
Unfavourable Condition,Weather Condition
Wind,Weather Condition
Weather Condition,Maritime Situation
injury,medical condition
medical condition,physiological state
physiological state,crew condition
offshore terminal,offshore installation
Inflatable Liferaft,Liferaft
Liferaft,Survival Craft
Survival Craft,Life Saving Appliance
Emergency Position Indicating Radio Beacon For Liferafts Certificate,ship equipment certificate
Liferaft Certificate,ship equipment certificate
Falls Of Launching Appliances Liferafts Certificate,ship equipment certificate
Life Saving Appliance,Ship Equipment
Survival Craft Muster,Emergency Management
ship equipment certificate,Certificate
multi-year ice,old ice
old ice,ice development
ice development,Ice
Ice,Unfavourable Condition
crude oil,oil
oil,cargo
oil,substance
Crude Oil Tanker,Tanker
Crude Oil Washing,Ship Maintenance
Tanker,Cargo ship
Owner,Role
metal scrap,scrap
Passenger With Need Of Assistance In An Emergency,Passenger
Passenger,Person On Board
Person On Board,Role
chief steward,Officer
Officer,Crewmember
Crewmember,Person On Board
east coast of Australia,coastal waters
coastal waters,Water Area
Maritime Safety Committee,committee
committee,International Maritime Organization
committee,Organisation
Open Deck Cargo Ship,Heavy Lift Vessel
record book,Document
thin first year ice second stage,thin first-year ice
thin first-year ice,first year ice
first year ice,ice development
Good Visibility,Visibility
Visibility,Weather Condition
Intermediate Survey,Legal Concept
Intermediate Survey,Survey
Survey,Legal Concept
Knot,Unit
Speed,Navigational Term
navigation light,light
light,Ship Equipment
performance of safety equipment,performance of equipment
performance of equipment,equipment condition
Class 1.1 substance,Class 1 substance
Class 1 substance,IMDG substance
IMDG substance,substance
entering into force,Legal Concept
in force,Legal Concept
Slight Swell,Swell
Swell,Weather Condition
Sea State,Weather Condition
Passage Planning,Shiphandling Activity
Shiphandling Activity,Maritime Activity
ice field,ice arrangement
ice arrangement,Ice
International Ship Security Certificate,SOLAS statutory certificates
SOLAS statutory certificates,statutory certificates
radioactive substance,hazardous substance
hazardous substance,substance
Fire Pump,Fire Extinguishing Appliance
Fire Pump,pump
Fire Extinguishing Appliance,fire protection system
pump,Ship Equipment
fire protection system,Ship Equipment
pump room,machinery space
machinery space,space
full load displacement,displacement
displacement,Weight
Weight,Ship Structural Property
Ship Structural Property,Ship Property
oil residue,oil
oil residue tank,tank
tank,Ship Structure
ice patrol,Marine Activity
Marine Activity,Maritime Activity
Freeboard Deck,Deck
Deck,Ship Structure
operational speed,Speed
Feeder,Containership
Containership,Dry Cargo Vessel
investigation,Marine Administration Activity
Marine Administration Activity,Maritime Activity
Acceptance Of Certificate,Legal Concept
Renewal Of Certificate,Legal Concept
Qualification Of Certificate,Legal Concept
Certificated Person,Crewmember
Expiry Date,Legal Concept
Endorsement Of Certificate,Legal Concept
Expiry Of Certificate,Expiry Date
Examination Of Certificate,Legal Concept
Validity Period,Legal Concept
Issue Of Certificate,Legal Concept
Validity Of Certificate,Legal Concept
bergy bit,Iceberg
Iceberg,calved ice of land origin
Iceberg,floating ice
floating ice,Ice
calved ice of land origin,ice of land origin
ice of land origin,Ice
performance of systems,equipment condition
distraction,crew condition
number of passengers on board,ship passenger property
ship passenger property,Ship Property
ice breccia,floating ice
Lifejacket,Personal Rescue Equipment
Personal Rescue Equipment,Life Saving Appliance
Inflatable Appliance,Life Saving Appliance
environmental ship operation,ship operation
ship operation,Maritime Activity
Displacement Hull,Hull Type
Hull Type,Hull Structure
Hull Structure,Ship Structure
ice boundary,ice arrangement
ice limit,ice edge
ice edge,ice arrangement
Category X substance,MARPOL Annex 2 substance
MARPOL Annex 2 substance,substance
National Law,Law
Law,Legal Concept
Regulation,document part
survey planning,Procedure
deteriorated human performance,human performance
human performance,crew condition
Logbook,record book
semi-submersible platform,floating platform
floating platform,offshore platform
offshore platform,offshore installation
echo sounding,sonar
echo sounding,Navigational Aid
sonar,Navigational Aid
Navigational Aid,Ship Equipment
ice concentration,Unfavourable Condition
Column,Hull Structural Member
Hull Structural Member,Hull Structure
slush,new ice
new ice,ice development
readily accessible,good order
good order,equipment condition
nautical information,service
damaged condition,ship condition
medical certificate,crew certificate
crew certificate,Certificate
Segregation,Cargo Handling Activity
Intact Stability Booklet,Emergency Plan
Emergency Plan,Document
ice massif,ice arrangement
Vessel Traffic Service,IT System
Gross Tonnage,Weight
Navigational Hazard,Hazard
Hazard,Maritime Situation
temperature,Weather Condition
drug smuggling,smuggling
smuggling,unlawful activity
unlawful activity,Maritime Activity
Denmark,Schengen state
Denmark,EU member state
Denmark,European Country
EU member state,Country
European Country,Country
Schengen state,Country
poisonous substance,hazardous substance
ship reporting,reporting
reporting,Ship Management Activity
Ship Management Activity,Maritime Activity
Lightering,Ship Maintenance
ice cake,floating ice
record of oil discharge monitoring and control system,record book
amendment,document part
corridor,space
space,Ship Structure
agency,Organisation
consignee,Role
group survival equipment,Life Saving Appliance
International Tonnage Certificate,tonnage statutory certificate
tonnage statutory certificate,statutory certificates
shipboard oil pollution emergency plan,Emergency Plan
structural integrity,Ship Characteristic
Ship Characteristic,Ship Property
unattended,crew condition
attended,crew condition
Car Carrier,Ro Ro Vessel
Ro Ro Vessel,Dry Cargo Vessel
deck cadet,Officer
Willy Willy,Storm
disposal of waste,Ship Maintenance
ocean current,current
current,Maritime Situation
open water,ice concentration
actual time of arrival,Navigational Term
Sweden,Schengen state
Sweden,EU member state
Sweden,European Country
safety valve,valve
Medical Oxygen Certificate,ship sanitation certificate
ship sanitation certificate,Certificate
Collision Avoidance,Shiphandling Activity
accident investigation,investigation
stevedore,Role
Chemical Tanker,Tanker
Helmsperson,Non Officer
Non Officer,Crewmember
Open Deck,Deck
record book of engine parameters,record book
hazardous area,working environment
working environment,crew condition
strait of Gibraltar,strait
strait,Water Area
approval of design and arrangement,Shipbuilding Activity
Shipbuilding Activity,Maritime Activity
gyro repeater,Navigational Aid
Gyro Compass,Navigational Aid
voice communication,communication system
communication system,Ship Equipment
double bottom tank,tank
Ultra Large Crude Carrier,Crude Oil Tanker
Lifeboat,Survival Craft
Lifeboat Certificate,ship equipment certificate
Lifeboat Crewmember,Crewmember
Life Davit For Lifeboats Certificate,ship equipment certificate
Falls Of Launching Appliance Lifeboat,ship equipment certificate
Emergency Position Indicating Radio Beacon Battery For Rescue Boat And Lifeboat,ship equipment certificate
Rescue Boat,Survival Craft
Emergency Management,Procedure
Rescue Boat Certificate,ship equipment certificate
Life Davit For Rescue Boat Certificate,ship equipment certificate
Rescue Boat Crewmember,Crewmember
Falls Of Launching Appliances Rescue Boat,ship equipment certificate
mutual consent,consent
consent,Legal Concept
malfunction of safety equipment,malfunction of equipment
malfunction of equipment,equipment condition
Hydrographic Surveying,Marine Activity
smoke,crew condition
actual time of departure,Navigational Term
oil fuel tank,fuel tank
fuel tank,tank
Ore Oil Carrier,Combination Carrier
Combination Carrier,Cargo ship
light scrap,scrap
Class 1.6 substance,Class 1 substance
discharge of residues,discharge
discharge,disposal of waste
Rule,Legal Concept
Dynamic Positioning,Shiphandling Activity
stowaway,Person On Board
Class 6.1 substance,Class 6 substance
Class 6 substance,IMDG substance
Institution,Association
Association,Organisation
medical equipment,Ship Equipment
icing of structures,icing
icing,equipment condition
Legal Act,Legal Concept
First Aid Procedure,Emergency Plan
Red Sea,Water Area
speed and distance measuring device,Navigational Aid
Cyprus,EU member state
Cyprus,European Country
Manoeuvrability,Ship Characteristic
machinery installation,Ship Equipment
high latitude,Latitude
Latitude,Position
Position,Navigational Term
increased viscosity,viscosity
viscosity,equipment condition
shipboard experience,ship crew experience
ship crew experience,crew condition
single copy,Document
interpretation,Legal Concept
small floe,floe
floe,floating ice
entrance,Opening
Opening,Ship Structure
Certificate Of Flag Registry,flag state certificate
flag state certificate,Certificate
pitch of the propeller,Navigational Term
Cargo Ship Safety Certificate,SOLAS statutory certificates
cleaning,Ship Maintenance
discharge into the sea,discharge
performance standard,equipment condition
Southern Ocean,Water Area
Suezmax Tanker,Crude Oil Tanker
Bridge Resource Management,Bridge Procedure
Bridge Procedure,Procedure
Cassette Carrier,Dry Cargo Vessel
medium ice field,ice field
maximum working stress,equipment condition
International Chamber Of Shipping,Non Governmental Organisation
Non Governmental Organisation,Organisation
large ice field,ice field
ice wall,glacier ice
glacier ice,ice of land origin
international law,Law
thick first year ice,first year ice
armed robbery,unlawful activity
weathertight door,Door
Door,Opening
International Bulk Chemical Code,code
code,Document
integrated navigation system,Navigational Aid
risk-based procedure,Procedure
Disinfestation Ship Certificate,ship sanitation certificate
single original,Document
seagoing service,service
member of the watch,Crewmember
lack of ship crew experience in polar operations,lack of ship crew experience
lack of ship crew experience,crew condition
engineering analysis,Shipbuilding Activity
ice strengthened category C,category C
category C,ship ice property 1
ship ice property 1,Ship Property
Macedonia,European Country
Seafarers%27 Training%2C Certification and Watchkeeping Code,code
engine,Propulsion System
Propulsion System,Ship Structure
malfunction of systems,equipment condition
access hatchway,Hatch
Hatch,Opening
thermohaline circulation,current
Automatic Identification System,Navigational Aid
preventing snow accretion,Ship Maintenance
day tank,tank
loading condition,ship condition
noise,crew condition
Sailing,Shiphandling Activity
grounding,accident
accident,ship condition
feet,Unit
meter,Unit
mile,Unit
kilometer,Unit
Mist,Weather Condition
Fog,Weather Condition
open space,space
mobile offshore drilling unit,drilling rig
drilling rig,offshore platform
heavy cargo,cargo
pantry without cooking appliances,pantry
pantry,space
validation of certificate,Legal Concept
operated by,ship administrative property
ship administrative property,Ship Property
delivery date,ship construction property
ship construction property,Ship Property
Survey and Certification,Marine Administration Activity
Oil Recovery,Marine Activity
steering gear compartment,compartment
compartment,space
steering gear,steering equipment
steering equipment,Ship Equipment
second engineer,engineer officer
engineer officer,Officer
traffic condition,Maritime Situation
infringement,Legal Concept
Class 9 substance,IMDG substance
non-return valve,valve
Panamax Container Vessel,Containership
Cargo Ship Safety Equipment Certificate,SOLAS statutory certificates
lobby,open space
tabular berg,Iceberg
glacier,glacier ice
Marine Evacuation System Deployment Certificate,test certificate
test certificate,Certificate
lavatory,sanitary space
sanitary space,space
plutonium,radioactive substance
boatswain,Officer
glacier tongue,glacier ice
Steam Turbine,Propulsion System
permission,Legal Concept
dangerous overpressure,malfunction of equipment
shipboard marine pollution emergency plan for NLS,Emergency Plan
modification,Shipbuilding Activity
pleasure yacht,recreational craft
lake ice,floating ice
Ship Energy Efficiency Management Plan,Procedure
self-propelled mobile offshore unit,mobile offshore unit
mobile offshore unit,offshore installation
safety zone,Water Area
ship ice property,Ship Property
International Federation Of Shipmasters Associations,Federation
Federation,Association
Port State Control,Port Activity
Port Activity,Maritime Activity
Muster List,Emergency Plan
ship-to-ship communication,communication system
On Board Training Aid,Ship Equipment
injured person,Person On Board
MLC 2006 statutory certificate,statutory certificates
relocation voyage,voyage
voyage,ship operation
Finland,EU member state
Finland,Schengen state
Finland,European Country
simulator training,Training
Training,Procedure
emergency action,ship operation
Moderate Swell,Swell
non-contracting government,Government
Government,Organisation
subchapter,document part
wastewater,water
water,substance
Periodical Survey,Survey
Belgium,Schengen state
Belgium,EU member state
Belgium,European Country
polar ship certificate,SOLAS statutory certificates
river ice,floating ice
inspection report,Report
Report,Document
pest control,Ship Maintenance
readiness,crew condition
Port,Organisation
Public Address System,Ship Equipment
fumigation,pest control
electrical installation,Ship Equipment
Hull Bottom,Hull Structural Element
Hull Structural Element,Hull Structure
bulkhead deck,Deck
Fire Drill,Drill
Drill,On Board Training
On Board Training,practical training
practical training,Training
Portside Tailshaft Modified Survey,survey report
survey report,Document
assessor,Role
smoke detector,fire protection system
ice patch,ice field
emergency alarm system,emergency equipment
emergency equipment,Ship Equipment
true course,Course
Course,Navigational Term
berthing,Shiphandling Activity
Class 3 substance,IMDG substance
scantling,Hull Structural Element
Heavy Snow,Snow
Snow,Weather Condition
dead-end corridor,corridor
ship%27s cargo,cargo
fishing zone,Water Area
trim,loading condition
High Speed Craft Safety Certificate,SOLAS statutory certificates
government non-commercial service,service
suitable polar clothing,polar clothing
polar clothing,Protective Clothing
Deckhouse Structure,Ship Structure
growler,Iceberg
SOLAS,convention
convention,Document
convention,Legal Concept
Arctic Ocean,Water Area
second-in-command,Crewmember
Extreme Depth,Depth
Depth,Ship Structural Property
first aid,emergency action
Prescription,Legal Concept
incident,ship condition
Italy,Schengen state
Italy,European Country
Italy,EU member state
prevention of pollution,environmental ship operation
terrorism,unlawful activity
toxic waste,dangerous cargo
dangerous cargo,cargo
port of arrival,Navigational Term
going astern,Shiphandling Activity
mean ice edge,ice edge
Ship Dismantling,Shipbuilding Activity
ballast voyage,voyage
bracket,Hull Structural Member
repair,Ship Maintenance
hypothermia,medical condition
sea water intake temperature,temperature
oil rig,drilling rig
Emergency Source Of Electrical Power,Emergency Power Supply
Emergency Power Supply,emergency equipment
painting,Ship Maintenance
Window,Opening
available for immidiate use,good order
Class 1.4 substance,Class 1 substance
fire safety design,ship ice property
United Nations,Intergovernmental Organisation
Intergovernmental Organisation,Organisation
Safe Sea Net,IT System
European Maritime Safety Agency,Intergovernmental Organisation
Fire Extinguisher Inspection Certificate,test certificate
competent person,Role
fire hose,Fire Extinguishing Appliance
safety requirement,requirement
unseaworthy,Ship Characteristic
garbage management plan,ship manual
ship manual,Document
Rough Sea,Sea State
Offshore Drilling,Marine Activity
domed iceberg,Iceberg
France,Schengen state
France,EU member state
France,European Country
Checklist,Document
international pollution prevention certificate for the carriage of noxious liquid substances in bulk,MARPOL statutory certificate
glacier berg,Iceberg
shuga,new ice
ceiling,Ship Structure
steering lever,steering equipment
STS operation plan and records of STS operations,ship manual
vhf radiotelephone,communication system
grey ice,young ice
young ice,ice development
fatigue,physiological state
Atmospheric Pressure,Pressure
Pressure,Weather Condition
after peak tank,tank
revalidation of certificate,Legal Concept
assembly station,space
ice-free,ice concentration
harbour master,Role
Tide Table,Navigational Aid
Voyage Data Recorder,Recording Aid
Recording Aid,Ship Equipment
Self Unloading Wood Chip Carrier,Bulk Carrier
Bulk Carrier,Dry Cargo Vessel
hydro-chlorofluorocarbon,ozone depleting substance
ozone depleting substance,substance
certified lifeboatman,Certificated Person
concealed space,space
Diesel Electric Propulsion System,Propulsion System
Meteorological Measuring Device,Ship Equipment
brash ice,floating ice
ear protector,crew equipment
international load line certificate,load line statutory certificate
load line statutory certificate,statutory certificates
fire resisting division,division
division,Ship Structure
coastal navigation,Sailing
ice front,ice shelf
ice shelf,ice of land origin
Annual Survey,Survey
protocol,Document
wing tank,tank
machinery noise,noise
ice bight,ice arrangement
Fast Rescue Boat,Rescue Boat
extended inspection,inspection
inspection,Marine Administration Activity
Vatican City,European Country
Check List AIS,Checklist
Boiler Certificate Class Renewal Survey,survey report
estimated time of arrival,Navigational Term
river,Water Area
Thermal Protective Aid,Protective Clothing
North Sea,Water Area
Troopship,Naval Vessel
Naval Vessel,Ship
Hurricane,Storm
Training Manual,On Board Training Aid
Sto Ro Paper Carrier,Ro Ro Vessel
SMS designated person,Role
Navigation Zone,Water Area
tin,substance
Hydrostatic Release Unit Certificate,ship equipment certificate
level of compliance,Compliance
Compliance,Legal Concept
Orange Juice Carrier,Fruit Juice Tanker
Fruit Juice Tanker,Tanker
engineering cadet,Officer
special purpose ship safety certificate,SOLAS statutory certificates
sub-freezing air temperature,Unfavourable Condition
sub-freezing air temperature,freezing temperature
freezing temperature,temperature
special category space,space
Buoyant Lifeline,Lifeline
Lifeline,Life Saving Appliance
Lifebuoy,Life Saving Appliance
Lifebuoy Signal,Life Saving Signal
Life Saving Signal,Life Saving Appliance
cabin balcony,balcony
balcony,space
steam pipe,pipe
pipe,Ship Structure
Pilot Transfer Arrangement,Procedure
Pilot,Role
compact ice,ice concentration
Moldova,European Country
Wooden Hull,Hull Type
safe speed,Speed
security officer,Officer
closing appliance,Ship Equipment
kilowatt,Unit
Firemans Outfit Certificate,ship equipment certificate
International Ship and Port Facility Security Code,code
declaration of maritime labour compliance,MLC 2006 statutory certificate
medical personnel,Role
under way,Navigational Term
hotel vessel,stationary vessel
stationary vessel,special purpose ship
confined space,space
perfluorocarbon,substance
control system,Ship Equipment
spar platform,floating platform
Semi Submersible Heavy Lift Ship,Heavy Lift Vessel
Ship Routeing,Shiphandling Activity
extended period of daylight,Maritime Situation
voice communication with aircraft,voice communication
Exemption,Legal Concept
Latvia,EU member state
Latvia,Schengen state
Latvia,European Country
navigating bridge,ship bridge
ship bridge,space
Indian Ocean,Water Area
Mapping,Marine Activity
navigational information,service
holding tank,tank
retroactive requirement,requirement
Serbia,European Country
gyro compass bearing repeater,gyro repeater
pancake ice,floating ice
emergency,ship condition
Capacity,Ship Characteristic
Arctic Tanker,Crude Oil Tanker
Ship Design,Shipbuilding Activity
light multi-year ice,multi-year ice
hydrant,Fire Extinguishing Appliance
prevention of the spread of fire,fire fighting
fire fighting,emergency action
Industrial Vessel,Merchant Ship
Girder,Hull Structural Member
United Kingdom,EU member state
United Kingdom,European Country
navy,Organisation
upper ice waterline length,Length
Length,Ship Structural Property
Class 5 substance,IMDG substance
very low temperature,low temperature
low temperature,temperature
main fire pump,Fire Pump
international voyage,voyage
boiler,Ship Structure
Fire Extinguisher,Fire Extinguishing Appliance
sprinkler system,Fire Extinguishing Appliance
Lifebuoy Self Igniting Light,Lifebuoy Signal
outfitting,Shipbuilding Activity
flashing light,light
Unloading,Cargo Handling Activity
Radio Station Licence,flag state certificate
speed log,Navigational Aid
rapidly changing and severe weather condition,Weather Condition
wheel-over point,Navigational Term
engineering watch,Watchkeeping
Watchkeeping,Shiphandling Activity
member of the engineering watch,member of the watch
cargo record book,record book
sea area,Water Area
Tonnage Measurement,Marine Administration Activity
bulwark,Hull Structural Element
insurance organisation,Organisation
waypoint,Navigational Term
Surveyor,Organisation
compliant tower,fixed platform
fixed platform,offshore platform
data communication,communication system
Buoyancy,Ship Characteristic
Lithuania,EU member state
Lithuania,Schengen state
Lithuania,European Country
traffic monitoring,Marine Administration Activity
Infant,Passenger
Self Unloading Coal Carrier,Bulk Carrier
compass,Navigational Aid
Exit,Opening
oily mixture,substance
Hydrographic office,Government Institute
Government Institute,Organisation
operation in ice,ship operation
thermal protection of equipment,equipment condition
medium iceberg,Iceberg
insurance certificate,Certificate
greenhouse gas,substance
Search And Rescue Locating Device,Life Saving Appliance
Bridgedeck,Deck
limited communication capability,malfunction of equipment
Cement Carrier,Bulk Carrier
water-based firefighting system,Fire Extinguishing Appliance
non-governmental agency,agency
Shoal,Navigational Hazard
functional requirement,requirement
drillship,Industrial Vessel
Securing,Cargo Handling Activity
Drought,Weather Condition
number of persons on board,ship passenger property
official report,Report
darkness,Maritime Situation
Shuttle Tanker,Tanker
Shuttle Tanker,Crude Oil Tanker
By law,Document
build stage,ship condition
ship agent,Role
fire safety operational booklet,Emergency Plan
Bulgaria,EU member state
Bulgaria,European Country
lounge,open space
signal lamp,light
Seabed Mining,Marine Activity
World Custom Organization,Intergovernmental Organisation
gyro compass heading repeater,gyro repeater
North Atlantic,Water Area
machinery certificate,Class Certificate
Class Certificate,Certificate
Classification Society,Organisation
Warehousing,Cargo Handling Activity
drift ice,sea ice
sea ice,floating ice
storage room,space
vertical stability,Stability
Stability,Ship Characteristic
Intact Stability,Stability
Planing Hull,Hull Type
Deck Officer,Officer
settling tank,tank
Radionavigation System Receiver,Navigational Aid
In Water Survey,survey report
high-speed craft,Ship
specialised agency,agency
floebit,floeberg
floeberg,floating ice
third officer,Deck Officer
third officer,Officer
moulded breadth,Breadth
Breadth,Ship Structural Property
search and rescue,Marine Activity
fuel oil,oil
small ice cake,ice cake
Class 2 substance,IMDG substance
gap in compliance,level of compliance
salvage,Marine Activity
Mediterranean Sea,Water Area
Partially Enclosed Lifeboat,Lifeboat
radio service,service
nilas,ice development
material property,equipment condition
Immersion Suit,Protective Clothing
European Commission,Intergovernmental Organisation
up-to-date copy,Document
main steering gear,steering gear
International Sewage Pollution Prevention Certificate,MARPOL statutory certificate
dark nilas,nilas
Sandstorm,Storm
Trusse,Hull Structural Member
guideline,Document
Health Examination By Flag,crew certificate
geographical situation,Maritime Situation
illness,medical condition
officer in charge of a navigational watch,officer-in-charge
officer-in-charge,Officer
member of the naviational watch,member of the watch
operator,Role
Superstructure,Ship Structure
helideck,Deck
Maritime Assistance Service,service
Iceland,Schengen state
Iceland,European Country
pantry with cooking appliances,pantry
Ship Sanitation Control Exemption Certificate,ship sanitation certificate
ship%27s design,ship ice property
International Anti fouling System Certificate,afs convention statutory certificate
afs convention statutory certificate,statutory certificates
River St. Lawrence,river
Torremolinos International Convention for the Safety of Fishing Vessels,convention
loss of performance,malfunction of equipment
limited waters,Water Area
Antarctic waters,Water Area
ballast pump,pump
ballast water,water
transceiver,communication system
grey-white ice,young ice
Pacific Ocean,Water Area
electrotechnical officer,Officer
Self Righting Liferaft,Liferaft
antarctic area,polar waters
polar waters,Water Area
tonne,Unit
portable extinguisher,Fire Extinguisher
medium lake ice,lake ice development
lake ice development,ice development
Starboard Tailshaft Complete Survey,survey report
fourth engineer,engineer officer
AIS test report,test certificate
Coal Carrier,Bulk Carrier
embarkation,Shiphandling Activity
procedures and arrangements manual,ship manual
Smooth Sea,Sea State
Compass Adjustment Certificate,test certificate
residual ice,old ice
transport of migrants by sea,Marine Activity
second officer,Officer
second officer,Deck Officer
free-fall lifeboat,Lifeboat
certificate of insurance or any other financial security in respect of civil liability for oil pollution damage,insurance certificate
Netherlands,EU member state
Netherlands,European Country
Netherlands,Schengen state
Ethyl,substance
Decision Making,Procedure
very thick lake ice,lake ice development
building contract date,ship construction property
Tail Shaft Certificate,ship equipment certificate
material,Ship Characteristic
Cargo Ship Safety Construction Certificate,SOLAS statutory certificates
Class 6.2 substance,Class 6 substance
alarm panel,control system
anchorage,Water Area
port system,IT System
Andorra,European Country
disembarkation,Shiphandling Activity
Instruction,Document
Gas Engine,engine
Starboard Tailshaft Modified Survey,survey report
Safety Management Certificate ISM,SOLAS statutory certificates
Registration of Person,Marine Administration Activity
dry-docked iceberg,Iceberg
Heavy Rain,Rain
Rain,Weather Condition
cargo tank,tank
arctic waters,polar waters
small iceberg,Iceberg
Port Survey,Port Activity
engine room telegraph,communication system
habitable environment,crew condition
miles from the nearest land,geographical situation
air cushion vehicle,special purpose ship
Officer Of The Watch,Officer
scantling of the structure,Ship Characteristic
international load line exemption certificate,load line statutory certificate
Radio Lifesaving Appliance,Life Saving Appliance
reduction of equipment functionality,malfunction of equipment
trapdoor,Opening
article,document part
ice cover,floating ice
big floe,floe
goal,requirement
liquid substance,substance
volatile organic compound,substance
Periodic Servicing Of Launching Appliances And On Load Release Gear Certificate,test certificate
sea ice one winter growth,sea ice
fire nozzle,Fire Extinguishing Appliance
Charterer,Role
estimated time of departure,Navigational Term
auxiliary machinery,machinery installation
Multi Purpose Ro Ro Carrier,Ro Ro Vessel
Embarkation Arrangement,Procedure
maximum astern speed,Speed
rescuing persons from the sea,emergency action
Anti Exposure Suit,Protective Clothing
piracy,unlawful activity
survival,emergency action
Warship,Naval Vessel
hull penetration,accident
Lifebuoy Self Activating Smoke Signal,Lifebuoy Signal
daylight,Maritime Situation
Malta,European Country
Malta,EU member state
Malta,Schengen state
Release of Ship,Marine Administration Activity
special rule,Legal Concept
ro-ro deck,Deck
organic peroxide,substance
Poland,Schengen state
Poland,European Country
Poland,EU member state
Unattended Machinery Space Certificate,ship equipment certificate
turbulence,Wind
heavy multi-year ice,multi-year ice
Hungary,EU member state
Hungary,European Country
Hungary,Schengen state
litre,Unit
lack of compliance,level of compliance
prevention of oil pollution,prevention of pollution
Global Positioning System,Position Fixing System
Position Fixing System,Navigational Aid
resolution,Document
paragraph,document part
Rigid Liferaft,Liferaft
safe loading,Loading and Unloading
Loading and Unloading,Cargo Handling Activity
Longitudinal Member,Hull Structural Member
break-down,malfunction of equipment
Marine Evacuation System,Life Saving Appliance
deepest sea-going draught,Draught
Draught,Ship Structural Property
class division,division
night vision equipment,Ship Equipment
human trafficking,unlawful activity
Maintenance Contract GMDSS,maintenance agreement
upper ice waterline,waterline
waterline,Ship Structural Property
Deadweight Tonnage,Weight
fitness,physiological state
two-way on-scene communication,on-scene communication
on-scene communication,communication system
Seaworthiness,Ship Characteristic
restriction,Legal Concept
Barograph,Barometer
Barometer,Meteorological Measuring Device
damage control,emergency action
Towing,Shiphandling Activity
Global Maritime Distress And Safety System,IT System
Distance,Navigational Term
Nautical Mile,Unit
Fishing,Marine Activity
by day,Maritime Situation
escape route,space
Class 8 substance,IMDG substance
catamaran,Hull Type
Construction Date,ship construction property
MARPOL,convention
Class 2.2 substance,Class 2 substance
Ore Bulk Oil Carrier,Combination Carrier
German bight,bight
bight,Water Area
meteorological information,service
Audio Visual Aid,On Board Training Aid
Ship Registration,Marine Administration Activity
fast ice boundary,ice boundary
Sugar Carrier,Bulk Carrier
fire alarm system,fire protection system
shipping line,Company
Company,Organisation
mental health condition,medical condition
Poor Visibility,Visibility
Chart,Navigational Aid
certified copy,Document
integrated bridge system,Navigational Aid
Stern,Hull Structural Element
accommodation space,space
medium first year ice,first year ice
ice damage,damaged condition
Ship Identification,Marine Administration Activity
Belarus,European Country
World Health Organization,Intergovernmental Organisation
removing ice accretion,Ship Maintenance
Ice Accretion,Ice
constant speed,Speed
Dry Docking Inspection Certificate,survey report
single instrument,Document
scuttle,Opening
contract,Legal Concept
contract,Document
unlawful practice associated with certificates,unlawful activity
SAR coordination plan for passenger ships trading on fixed routes,Emergency Plan
ice strengthened,ship ice property 1
fireman,Non Officer
number of infants on board,ship passenger property
Plate,Hull Structural Member
Sailing Directions,Navigational Aid
Gas Carrier,Tanker
Steering,Shiphandling Activity
frazil ice,new ice
Very Large Crude Carrier,Crude Oil Tanker
channel,Water Area
Ship Tracking,Marine Administration Activity
transverse stability,Stability
single hull,Hull Type
Mooring,Shiphandling Activity
Tanker For Palm Oil,Tanker
registered owner,Owner
longitudinal stability,Stability
transverse penetration extent,Stability
coast of Somalia,coastal waters
office,accommodation space
galley,space
operational instruction,service
Class 2.3 toxic gas,Class 2 substance
electrical requirement,requirement
noxious liquid,substance
disabled person,Person On Board
International Oil Pollution Prevention Certificate,MARPOL statutory certificate
exceptional circumstance,ship condition
new lake ice,lake ice development
fire hydrant,Fire Extinguishing Appliance
Czech Republic,Schengen state
Czech Republic,EU member state
Czech Republic,European Country
pressure relief valve,valve
similar stage of construction,stage of construction
stage of construction,ship construction property
STCW Convention,convention
Port Policing,Port Activity
Freeboard,Ship Structural Property
variable speed,Speed
nurse,medical personnel
hydrographic information,service
Psychrometer,Hygrometer
Hygrometer,Meteorological Measuring Device
coastguard,Organisation
damage control plan,Emergency Plan
Aframax Tanker,Crude Oil Tanker
removing snow accretion,Ship Maintenance
fast ice edge,ice edge
Collision Bulkhead,Bulkhead
Bulkhead,Hull Structural Element
Tie Rod,Hull Structural Member
fast ice,sea ice
contaminated water,water
combustible substance,substance
document of compliance issued by the testing facility,test certificate
fixed pitch propeller,propeller
propeller,Propulsion System
subheading,document part
preventing ice accretion,Ship Maintenance
heavy grade oil,oil
Royal National Lifeboat Institution,Institution
Rocket Parachute Flare,Distress Flare
Distress Flare,Life Saving Signal
international requirement,requirement
Electronic Chart Display And Information System,Navigational Aid
great lake of north America,lake
lake,Water Area
Beaufort scale,Weather Condition
Concrete Hull,Hull Type
Turkey,European Country
asphalt,substance
Cargo Ship Safety Radio Certificate,SOLAS statutory certificates
level of competence,crew condition
category B,ship ice property 1
deviating from the prescriptive requirements,level of compliance
British Standards Institution,Institution
certificate of insurance or any other financial security in respect of civil liability for bunker oil pollution damage,insurance certificate
longshore current,current
Heading Control System,Navigational Aid
RADAR Transponder Certificate,ship equipment certificate
Germany,EU member state
Germany,Schengen state
Germany,European Country
ice information,service
distress,emergency
Ship Conversion,Shipbuilding Activity
untrained person,Person On Board
ship%27s relevant design,ship%27s design
Estonia,Schengen state
Estonia,EU member state
Estonia,European Country
Double Hull,Hull Type
Class 4 substance,IMDG substance
Category Y substance,MARPOL Annex 2 substance
loading%2Funloading plan for bulk carriers,ship manual
light displacement,displacement
subparagraph,document part
Strut,Hull Structural Member
third engineer,engineer officer
Port Management,Port Activity
floating storage unit,floating platform
forecastle,Hull Structural Element
protected space,space
two way voice communication with a Telemedical Assistance Service,two-way voice communication
two-way voice communication,voice communication
engine room resource management,engine room procedure
engine room procedure,Procedure
Legislation,Legal Concept
Boiler Annual External Survey,survey report
international shore connection,Fire Extinguishing Appliance
feedwater,water
safety of life at sea,crew condition
Net Tonnage,Weight
ballast tank,tank
Bow Section,Hull Structural Element
International Maritime Organization,Intergovernmental Organisation
Ro Ro Freight Ferry,Passenger Ship
Ro Ro Freight Ferry,Ro Ro Vessel
Passenger Ship,Merchant Ship
Coastal Tanker,Crude Oil Tanker
segregated ballast tank,ballast tank
notice to mariners,Navigational Aid
International Strait,strait
Cloud,Weather Condition
Diesel Engine,engine
Ship Master,Officer
category A,ship ice property 1
Moulded Depth,Depth
computer based training,practical training
escalation of incidents,crew condition
Raster Chart Display System,Electronic Chart Display And Information System
owned by,ship administrative property
Portugal,Schengen state
Portugal,EU member state
Portugal,European Country
Ocean Fertilization,Marine Activity
lubricating oil,oil
median ice edge,ice edge
semi-portable extinguisher,Fire Extinguisher
Norway,Schengen state
Norway,European Country
freezing,equipment condition
Damage Stability,Stability
Enclosed Space Entry And Rescue Drill,Drill
remote area,Water Area
true heading,Heading
Heading,Navigational Term
polar class,ship ice property 1
Voyage Planning,Shiphandling Activity
Port Of Call,Port
Albania,European Country
reduction of stability,ship condition
Spain,European Country
Spain,EU member state
Spain,Schengen state
bergy water,ice concentration
rudder,steering equipment
large iceberg,Iceberg
remoteness,geographical situation
ice island fragment,Iceberg
fire door,Door
emergency lighting,emergency equipment
Gale,Storm
equipment efficiency,equipment condition
Class 4.3 substance,Class 4 substance
Transfer of Register,Marine Administration Activity
endorsed by,Legal Concept
Port Maintenance,Port Activity
Document Of Compliance Certificate,SOLAS statutory certificates
alteration,Shipbuilding Activity
wood pulp,cargo
trainee,Crewmember
two-way portable radio communication equipment,communication system
misuse of equipment,unlawful activity
turning radius,Manoeuvrability
member of the anchor watch,member of the watch
ice-covered water,ice concentration
hot room,space
tidal current,current
Ship Recycling,Shipbuilding Activity
ice jam,ice arrangement
African state,Country
Continuous Synopsis Record,flag state certificate
unlawful act threatening the safety of the ship,unlawful activity
chief engineer,engineer officer
smoke extraction system,fire protection system
small ice field,ice field
safety lamp,light
Class 5.1 substance,Class 5 substance
bulbous bow,bow
bow,Hull Structural Element
service space,space
Waterjet,Propulsion System
Long Range Identification And Tracking,IT System
closest approach,Navigational Term
documentation,Marine Administration Activity
cabin,accommodation space
Position Fixing,Shiphandling Activity
SAR coordination communication,communication system
oil-fired boiler,boiler
Transboundary Cooperation,Marine Administration Activity
baggage room,space
thick lake ice,lake ice development
Keel,Hull Structural Element
Survivability,Ship Characteristic
asbestos,substance
Child,Passenger
compacted ice edge,ice edge
reduced availability of navigational aids,reduced availability of equipment
reduced availability of equipment,reduction of equipment functionality
safe evacuation,evacuation
evacuation,emergency action
exhaust pipe,pipe
belt,ice arrangement
Automated Installations Annual Survey,survey report
hydrometer,Meteorological Measuring Device
navigational watch,Watchkeeping
fire main,Fire Extinguishing Appliance
European Union,Intergovernmental Organisation
Directive,Document
grease ice,new ice
Ice Navigation,Shiphandling Activity
San Marino,European Country
Greece,European Country
Greece,Schengen state
Greece,EU member state
periodically unattended,unattended
ship%27s relevant design and arrangement,ship%27s design and arrangement
ship%27s design and arrangement,ship ice property
loss of performance of battery,loss of performance
Bosnia and Herzegovina,European Country
Shallow Water,Navigational Hazard
annex,document part
Baltic Sea,Water Area
Port Zone,Water Area
Romania,European Country
Romania,EU member state
length between perpendiculars,Length
LRIT conformance test report,test certificate
Dock Ship,Heavy Lift Vessel
designated officer,Officer
Wreck Removal,Marine Activity
lack of equipment,equipment condition
port of origin,Navigational Term
Ukraine,European Country
partial compliance,level of compliance
flooding,emergency
metric ton,Unit
cargo securing manual,ship manual
good health,physiological state
radio officer,Officer
Fish Farming,Marine Activity
chapter,document part
concentration boundary,ice boundary
survival time,crew condition
definition,document part
sound signalling system,communication system
entrapment by ice,ship condition
Polar Code,code
Landlocked Sea,Water Area
excessive viscosity,viscosity
long crested waves,crested waves
crested waves,Sea State
topside icing,icing
Seasonal Rain Squall,Rain
search light,light
ship-to-shore communication,communication system
Voyage Data Recorder System Certificate,ship equipment certificate
short crested waves,crested waves
sandblasting,Ship Maintenance
Abandon Ship Drill,Drill
sloping iceberg,Iceberg
Ultra Large Container Ship,Containership
outdoor working environment,working environment
renewal,Ship Maintenance
echo sounding device with two separate independent transducers,echo sounding
emergency fire pump,Fire Pump
Maintenance,Ship Maintenance
International Labour Organization,Intergovernmental Organisation
fishing vessel,Merchant Ship
fully charged condition,good order
Chayka Receiver,Radionavigation System Receiver
additional polar clothing,polar clothing
prohibition,Legal Concept
Emergency Instruction,Emergency Management
collision,accident
steering wheel,steering equipment
pilgrim trade,Marine Activity
Thermometer,Meteorological Measuring Device
certificate of competency,crew certificate
polar service temperature,Ship Characteristic
water spray pump,Fire Pump
as-built construction drawing,Document
Cargo Handling,Cargo Handling Activity
propulsion line,Propulsion System
coal port,Port
Slovakia,Schengen state
Slovakia,European Country
Slovakia,EU member state
seated passenger,Passenger
tween deck,Deck
floating storage and offloading system,floating platform
Heavy Rain Clutter,Rain
Heavy Swell,Swell
squall,Storm
ice island,Iceberg
Convention for the Suppression of Unlawful Acts against the Safety of Maritime Navigation,convention
wind generated current,current
Nautical Publication,Navigational Aid
Port State Jurisdiction,Port Activity
storage vessel,stationary vessel
GLONASS Receiver,Radionavigation System Receiver
fire detection system,fire protection system
icebreaker assistance,service
icebreaker,special purpose ship
industrial waste,cargo
Renewal Survey,Survey
oil record book,record book
chief cook,Officer
Derelict,Navigational Hazard
ship retrofitting,Shipbuilding Activity
oil filtering equipment,Ship Equipment
ice rind,nilas
control officer,Officer
extinction of fire,fire fighting
necessary equipment,Ship Equipment
liferaft embarkation deck,Deck
gasoline,substance
improved weather,Weather Condition
fire,emergency
territorial sea,Water Area
Nautical Chart,Chart
submarine,special purpose ship
Tornado,Storm
Dover strait,strait
ice stream,glacier ice
pinnacle iceberg,Iceberg
GNSS compass,Navigational Aid
Atlantic Ocean,Water Area
atrium,open space
medium floe,floe
protection of the environment,Marine Activity
International Association Of Classification Societies,Association
person in distress,Person On Board
Passenger Ship Safety Certificate,SOLAS statutory certificates
Self Discharging Bulk Carrier,Bulk Carrier
incinerator,Ship Equipment
blocky iceberg,Iceberg
heel angle,ship condition
Firemans Outfit,Protective Clothing
Passenger With Need Of Special Care,Passenger
lack of emergency response equipment,lack of equipment
Shiprepair,Shipbuilding Activity
ice isthmus,strip
strip,ice arrangement
floating production%2C storage and offloading system,floating platform
Line Throwing Appliance,Life Saving Appliance
Recognised Organisation,Organisation
emergency alarm,emergency
fresh water,water
halon,substance
Dangerous Storm,Storm
officer in charge of an engineering watch,officer-in-charge
unified interpretation,interpretation
diesel oil,oil
rescue boat communication capabilities,communication system
hull certificate,Class Certificate
void space,space
mf%2Fhf radiotelephone,communication system
ice management function,service
open ice,ice concentration
Bunkering,Ship Maintenance
Ethylene Tanker,Gas Carrier
fore peak,Hull Structural Element
Injunction,Document
non self-propelled mobile offshore unit,mobile offshore unit
Beam,Hull Structural Member
reversing,Shiphandling Activity
human error,crew condition
generator,machinery installation
Shipbuilding,Shipbuilding Activity
Category Z substance,MARPOL Annex 2 substance
International Air Pollution Certificate,MARPOL statutory certificate
able-bodied person,Person On Board
Slovenia,EU member state
Slovenia,European Country
Slovenia,Schengen state
expressed consent,consent
appendix,document part
bilge water,water
Watertight Door,Door
navigational demand,requirement
Maritime And Coastguard Agency,Government Institute
weathertightness,Ship Characteristic
Automated Installation Class Renewal Survey,survey report
cinema,accommodation space
tributyl,substance
diffuse ice edge,ice edge
midship section,Hull Structural Element
Track Control System,Navigational Aid
steam generator,generator
Molten Sulphur Tanker,Tanker
bridge watchkeeping,Watchkeeping
upper ice waterline draught,Draught
anchor watch,Watchkeeping
consolidated ice,compact ice
manhole,Opening
vast floe,floe
adjacent coastal area,coastal waters
Enforcement,Legal Concept
Two Way VHF Radiotelephone,Radio Lifesaving Appliance
Contracting Government,Government
safe return to port,emergency action
Refrigerated Container Ship,Containership
alertness,crew condition
mail room,space
light nilas,nilas
Mining,Marine Activity
Fendering,Shiphandling Activity
thick mittens,Protective Clothing
Fixed Fire Extinguishing CO2 System Certificate,ship equipment certificate
Barometric Pressure,Pressure
normal operation,ship operation
forepeak tank,tank
Compass Certificate,ship equipment certificate
part,document part
sea lane,Water Area
safe ship operation,ship operation
Typhoon,Storm
sub-committee,International Maritime Organization
Galapagos archipelago,archipelago
archipelago,Water Area
immersion suit with insulation,Immersion Suit
Tropical Cyclone,Cyclone
Blanket,Protective Clothing
drinking water,water
approval,Legal Concept
full load condition,loading condition
ventilation system,Ship Equipment
automatic radar plotting aid,Navigational Aid
Statute,Legal Concept
watertight space,space
close ice,ice concentration
controllable pitch propeller,propeller
frame,Hull Structural Member
Hatchcoverless Container Ship,Containership
Class 1.3 substance,Class 1 substance
water mist pump,Fire Pump
bridge officer,Officer
pesticide,substance
Re Routeing,Shiphandling Activity
weathered iceberg,Iceberg
garbage record book,record book
short circuit,malfunction of equipment
cargo gear record book,record book
unconscious person,Person On Board
very large iceberg,Iceberg
Project Cargo Ship,Heavy Lift Vessel
Heavy Fuel Engine,engine
appropriate service,service
at night,Maritime Situation
moderate speed,Speed
Dust,Weather Condition
Portside Tailshaft Complete Survey,survey report
seakeeping,Ship Characteristic
International Code Of Signal,Navigational Aid
Monaco,European Country
in accordance with,Legal Concept
refrigerated cargo,cargo
Telemedical Assistance Service,service
Con Ro Vessel,Ro Ro Vessel
Post Panamax Container Ship,Containership
National Legislation,Legislation
ship-to-ship operation,ship operation
unlawful act of violence,unlawful activity
Liechtenstein,European Country
Liechtenstein,Schengen state
use of medication,crew condition
physiological state of agitation,physiological state
Decree,Document
force majeure,Legal Concept
Class 5.2 substance,Class 5 substance
non-hazardous area,working environment
jammed brash barrier,compacted ice edge
Minimum Safe Manning Certificate,flag state certificate
Dangerous Ice,Ice
petrol tanker,Tanker
circular,Document
public space,space
SMS Auditor,Role
good management practice,Procedure
non-combustible substance,substance
dentist,medical personnel
certification of seafarers,Marine Administration Activity
extended period of darkness,Maritime Situation
instructor,Role
large shipment,cargo
Longitude,Position
iceberg tongue,ice arrangement
Database,IT System
obligation,Legal Concept
Coaster,Dry Cargo Vessel
full compliance,level of compliance
Offshore Mining,Marine Activity
Marine Evacuation System Certificate,ship equipment certificate
ice class,ship ice property 1
second year ice,old ice
combustion air for internal combustion engine,machinery installation
chief officer,Officer
chief officer,Deck Officer
isolating valve,valve
building contract,contract
Low Air Draught Coaster,Dry Cargo Vessel
reserve tank,tank
Polar Water Operational Manual,ship manual
capsizing,emergency
serious malfunction,malfunction of equipment
restricted visibility,Visibility
chart coverage,equipment condition
port agent,Role
working language,crew condition
applicable for,Legal Concept
Form,Document
pressure valve,valve
radio beacon,emergency equipment
engine room,machinery space
fire patrol,Ship Maintenance
Class 4.1 substance,Class 4 substance
trimaran,Hull Type
Stowage,Cargo Handling Activity
hydrogen sulphide,substance
nuclear ship,Ship
fresh water tank,tank
Interdiction of Ship,Marine Administration Activity
navtex,communication system
Montenegro,European Country
relative speed,Speed
severe weather condition,Unfavourable Condition
sulphur,substance
subdivision,division
prolonged use,equipment condition
Safety Management System,Procedure
Medical Box Certificate,ship sanitation certificate
ship%27s alternative design or arrangement,ship%27s design and arrangement
International Convention for Safe Containers,convention
tributary water,Water Area
paramedic,medical personnel
Ireland,European Country
Ireland,EU member state
maritime labour certificate,MLC 2006 statutory certificate
electronic equipment,Ship Equipment
Class 2.1 substance,Class 2 substance
type approval certificate for incinerator,ship equipment certificate
two-way data communication,data communication
jurisdiction,Legal Concept
hour,Unit
Seaman,Non Officer
Emergency Training,On Board Training
firn,ice of land origin
thin lake ice,lake ice development
Compass Spare Certificate,ship equipment certificate
Fire Control Plan,Emergency Plan
safety fuse,electrical installation
Naval Auxiliary Vessel,Naval Vessel
Switzerland,Schengen state
Switzerland,European Country
trade or seaworthiness certificate,flag state certificate
stairway,space
length overall,Length
Luxembourg,Schengen state
Luxembourg,European Country
Luxembourg,EU member state
flagstate,ship administrative property
hydrofoil,special purpose ship
polar operation,ship operation
Class 7 substance,IMDG substance
Surveying,Marine Administration Activity
Oil Transfer,Marine Activity
Navigational System,IT System
low-location lighting,light
International Safety Management Code,code
sewage tank,tank
extremely low temperature,low temperature
spill response,protection of the environment
Service Vessel,Merchant Ship
spigot,valve
Class 4.2,Class 4 substance
Somalia,African state
Asphalt Bitumen Tanker,Tanker
emergency steering,emergency equipment
ice allowance,ship condition
Moderate Sea,Sea State
marginal ice zone,ice arrangement
List Of Operational limitations,SOLAS statutory certificates
snow ice,ice development
doctor,medical personnel
Croatia,EU member state
Croatia,European Country
Class 1.5,Class 1 substance
Skylight,Opening
tension-leg platform,floating platform
Ore Carrier,Bulk Carrier
Lifejacket Light,Life Saving Signal
Habitability,Ship Characteristic
Class 1.2 substance,Class 1 substance
Totally Enclosed Lifeboat,Lifeboat
escorted operation,ship operation
thin first year ice first stage,thin first-year ice
Local Law,Law
Ship Reporting System,IT System
List Of Lights,Navigational Aid
Austria,EU member state
Austria,Schengen state
Austria,European Country
Open Hatch Bulk Carrier,Bulk Carrier
slop tank,tank
Loran C Receiver,Radionavigation System Receiver
Exemption Certificate,SOLAS statutory certificates
radioactive waste,dangerous cargo
mean daily low temperature,temperature
International Maritime Dangerous Goods Code,code
giant floe,floe
English channel,channel
International Association Of Independent Tanker Owners,Association
wind gust,Wind
tidal change,Maritime Situation
radio installation,communication system
Slinging,Cargo Handling Activity
Port Planning and Development,Port Activity
impairment,physiological state
Watertightness,Ship Characteristic
assembly,International Maritime Organization
council,International Maritime Organization
Marine Environment Protection Committee,committee
Sub Committee on Implementation of IMO Instruments,sub-committee
Sub Committee on Human Element%2C Training and Watchkeeping,sub-committee
Sub Committee on Navigation%2C Communications and Search and Rescue,sub-committee
Sub Committee on Pollution Prevention and Response,sub-committee
Sub Committee on Ship Design and Construction,sub-committee
Sub Committee on Ship Systems and Equipment,sub-committee
Sub Committee on Carriage of Cargoes and Containers,sub-committee
Sub Committee on Bulk Liquids and Gases,sub-committee
Sub Committee on Carriage of Dangerous Goods%2C Solid Cargoes and Containers,sub-committee
Sub Committee on Fire Protection,sub-committee
Sub Committee on Radio communications and Search and Rescue,sub-committee
Sub Committee on Safety of Navigation,sub-committee
Sub Committee on Ship Design and Equipment,sub-committee
Sub Committee on Stability and Load Lines and Fishing Vessels Safety,sub-committee
Sub Committee on Standards of Training and Watchkeeping,sub-committee
Sub Committee on Flag State Implementation,sub-committee
Legal Committee,committee
Technical Cooperation Committee,committee
Facilitation Committee,committee
laundry,space
permit,Document
incineration,disposal of waste
incineration of waste at sea,incineration
segregated ballast,ballast water
clean ballast,ballast water
clean ballast tank,ballast tank
oil unloading port,Port
Machinery space operation,ship operation
bunker,Ship Structure
Fire Safety Systems Code,code
emergency circuit,emergency equipment
emergency generator,emergency equipment
emergency system,emergency equipment
other group,International Maritime Organization
Group of Experts on Scientific Aspects of Marine Environmental Protection,other group
Special Meeting of Contracting Parties to the London Convention 1972,other group
Safe Practice for Cargo Stowage and Securing Code,code
council directive,Document
treaty,Document
decision,Document
climate,Weather Condition
cold climate,climate
warm climate,climate
initial survey,Survey
ro-ro passenger ship,Ro Ro Vessel
section,document part
launching appliance,Ship Equipment
pre-certification survey,Survey
table,document part
cargo control room,space
cargo leakage,incident
International Gas Carrier Code,code
passenger accommodation space,accommodation space
fire detection,emergency action
fire protection,ship operation
Special Trade Passenger Ships Agreement,convention
Protocol on Space Requirements for Special Trade Passenger Ships,protocol
terminal personnel,Role
heavy fuel oil,fuel oil
heavy fuel oil,heavy grade oil
recreational craft,Ship
cargo space,space
Special trade passenger ship,Passenger Ship
double-hull oil tanker,Crude Oil Tanker
single-hull oil tanker,Crude Oil Tanker
line,Ship Equipment
mooring line,line
heavy diesel oil,diesel oil
product oil,oil
test method,Procedure
main vertical zone,fire resisting division
hospital,space
hall,open space
dining room,space
container,cargo
wheelhouse,space
cargo hatch,Hatch
domestic voyage,voyage
critical damage,damaged condition
vehicle deck,Deck
sun deck,Deck
special trade passenger,Passenger
cargo transfer,Cargo Handling Activity
SOLAS 1974,SOLAS
SOLAS 1978,SOLAS
drift ice concentration,ice concentration
high-speed passenger craft,high-speed craft
strength,Ship Characteristic
under construction,stage of construction
restricted area,Water Area
Member State,Country
ship,Ship
Algeria,African state
Angola,African state
Benin,African state
Botswana,African state
Burkina Faso,African state
Burundi,African state
Cameroon,African state
Cape Verde,African state
Central African Republic,African state
Chad,African state
Comoros,African state
Democratic Republic of the Congo,African state
Republic of the Congo,African state
Djibouti,African state
Egypt,African state
Equatorial Guinea,African state
Eritrea,African state
Ethiopia,African state
Gabon,African state
Gambia,African state
Ghana,African state
Guinea,African state
Guinea-Bissau,African state
Ivory Coast,African state
Kenya,African state
Lesotho,African state
Liberia,African state
Libya,African state
Madagascar,African state
Malawi,African state
Mali,African state
Mauritania,African state
Mauritius,African state
Morocco,African state
Mozambique,African state
Namibia,African state
Niger,African state
Nigeria,African state
Rwanda,African state
Sao Tome and Principe,African state
Senegal,African state
Seychelles,African state
Sierra Leone,African state
South Africa,African state
South Sudan,African state
Sudan,African state
Swaziland,African state
Tanzania,African state
Togo,African state
Tunisia,African state
Uganda,African state
Zambia,African state
Zimbabwe,African state
port community system,port system
National Single Window,Ship Reporting System
Caspian Sea,Water Area
Black Sea,Water Area
Strait of Malacca,strait
Strait of Hormuz,strait
Strait of Magellan,strait
canal,channel
Panama Canal,canal
Suez Canal,canal
Kiel Canal,canal
White Sea   Baltic Canal,canal
Rhine Main Danube Canal,canal
Volga Don Canal,canal
Danube Black Sea Canal,canal
Dardanelles,strait
