oil,NN
material,NN
section,NN
machinery,NN
power,NN
stove,NN
tank,NN
system,NN
accordance,NN
vessel,NN
space,NN
length,NN
deck,NN
fire,NN
supply,NN
cm,NN
emergency,NN
smoke,NN
pipe,NN
chapter,NN
construction,NN
fuel,NN
floor,NN
steel,NN
extinguisher,NN
time,NN
board,NN
b,NN
air,NN
regulation,NN
valve,NN
installation,NN
insulation,NN
release,NN
type,NN
source,NN
force,NN
safety,NN
gas,NN
flame,NN
water,NN
engine,NN
alarm,NN
detector,NN
year,NN
outlet,NN
bench,NN
collection,NN
diameter,NN
thickness,NN
uptake,NN
bulkhead,NN
insulation,NN
machinery,NN
medium,NN
space/locker,NN
heat,NN
fire,NN
accommodation,NN
lighting,NN
protection,NN
failure,NN
shutoff,NN
height,NN
pressure,NN
use,NN
event,NN
filter,NN
inspection,NN
door,NN
cover,NN
order,NN
saucer,NN
rockwool,NN
twine,NN
ignition,NN
oil,NN
sheet,NN
aluminium,NN
planking,NN
detection,NN
irrespective,NN
wheelhouse,NN
place,NN
basis,NN
bilge,NN
pursuant,NN
scope,NN
application,NN
propane,NN
hydrocarbon,NN
observation,NN
hole,NN
consumption,NN
maximum,NN
difference,NN
reduction,NN
volume,NN
resetting,NN
function,NN
manufacturer,NN
installation,NN
line,NN
separator,NN
plug,NN
regulator,NN
separation,NN
mud,NN
copper,NN
formation,NN
drain,NN
float,NN
drainage,NN
water/mud,NN
cleaning,NN
operating,NN
company,NN
area,NN
fireplace,NN
front,NN
thick,NN
form,NN
metal,NN
circulation,NN
outer,NN
collar,NN
distance,NN
manifold,NN
exhaust,NN
effect,NN
fire-extinguishing,NN
aft,NN
edge,NN
compartment,NN
inside,NN
amount,NN
case,NN
size,NN
position,NN
equipment,NN
leak,NN
device,NN
entrance,NN
signal,NN
ventilation,NN
kg,NN
charge,NN
number,NN
cent,NN
date,NN
ventilation,NN
storage,NN
closing,NN
cock,NN
test,NN
gauge,NN
glass,NN
drip,NN
room/locker,NN
ship,NN
seawater,NN
short,NN
waterline,NN
c6,NN
c9,NN
rudder,NN
propeller,NN
satisfy,NN
compliance,NN
sea,NN
navigation,NN
accumulator,NN
battery,NN
load,NN
paragraph,NN
voltage,NN
drop,NN
switchboard,NN
generator,NN
flashpoint,NN
trim,NN
